"0","library(RCyjs)
"
"2","Loading required package: BrowserViz
"
"2","Loading required package: httpuv
"
"2","
Attaching package: ‘BrowserViz’

"
"2","The following objects are masked from ‘package:jsonlite’:

    fromJSON, toJSON

"
"2","
Attaching package: ‘RCyjs’

"
"2","The following objects are masked from ‘package:cyjShiny’:

    clearSelection, fit, getSelectedNodes,
    loadStyleFile, selectNodes,
    setEdgeAttributes, setNodeAttributes,
    showAll

"
"2","The following objects are masked from ‘package:RCy3’:

    clearSelection, deleteSelectedNodes,
    getEdgeCount, getNodeCount,
    getSelectedNodes, hideEdges, hideNodes,
    hideSelectedNodes, invertNodeSelection,
    selectNodes

"
"2","The following object is masked from ‘package:graphics’:

    layout

"
