"0","library(httr)"
"2","
Attaching package: ‘httr’

"
"2","The following object is masked from ‘package:Biobase’:

    content

"
"0","library(xml2)"
"0","library(lubridate)"
"2","
Attaching package: ‘lubridate’

"
"2","The following object is masked from ‘package:IRanges’:

    %within%

"
"2","The following objects are masked from ‘package:S4Vectors’:

    second, second<-

"
"2","The following object is masked from ‘package:base’:

    date

"
"0","library(XML)"
"2","
Attaching package: ‘XML’

"
"2","The following object is masked from ‘package:RCy3’:

    getNodePosition

"
"2","The following object is masked from ‘package:graph’:

    addNode

"
"0","library(tidyverse)"
"0","library(dplyr)"
"0","library(ggplot2)"
"0","library(gganimate)"
